metabolite,zero_fraction
HILICZ_positive|IK:ZIIAJIWLQUVGHB-UHFFFAOYSA-N,0.8952380952380953
C18_positive|IK:ISAKRJDGNUQOIC-UHFFFAOYSA-N,0.8952380952380953
HILICZ_negative|IK:LOIYMIARKYCTBW-OWOJBTEDSA-N,0.8952380952380953
C18_positive|IK:HXQHFNIKBKZGRP-URPRIDOGSA-N,0.8952380952380953
HILICZ_positive|IK:VAWYEUIPHLMNNF-OESPXIITSA-N,0.8952380952380953
HILICZ_positive|IK:ZEYHEAKUIGZSGI-UHFFFAOYSA-N,0.8952380952380953
C18_negative|IK:IRZVHDLBAYNPCT-UHFFFAOYSA-N,0.8952380952380953
HILICZ_positive|IK:WTJKGGKOPKCXLL-VYOBOKEXSA-N,0.8952380952380953
HILICZ_positive|IK:XOMRRQXKHMYMOC-UHFFFAOYSA-N,0.8952380952380953
C18_positive|IK:KYVUMEGNMQDSHO-ISEXSMSQSA-N,0.8952380952380953
C18_positive|IK:WSWCOQWTEOXDQX-UHFFFAOYSA-N,0.8952380952380953
C18_positive|IK:WTOYNNBCKUYIKC-UHFFFAOYSA-N,0.8952380952380953
C18_negative|IK:FAQJJMHZNSSFSM-UHFFFAOYSA-N,0.8952380952380953
C18_negative|IK:FBPFZTCFMRRESA-KVTDHHQDSA-N,0.8952380952380953
C18_negative|IK:FBPFZTCFMRRESA-UHFFFAOYSA-N,0.8952380952380953
C18_positive|IK:GMBQZIIUCVWOCD-UHFFFAOYSA-N,0.8952380952380953
C18_positive|IK:KZNIFHPLKGYRTM-UHFFFAOYSA-N,0.8952380952380953
C18_positive|IK:KMOUJOKENFFTPU-UHFFFAOYSA-N,0.8952380952380953
C18_positive|IK:QIVBCDIJIAJPQS-UHFFFAOYSA-N,0.8952380952380953
HILICZ_negative|IK:OVRNDRQMDRJTHS-RTRLPJTCSA-N,0.8952380952380953
HILICZ_negative|IK:XEZVDURJDFGERA-UHFFFAOYSA-N,0.8952380952380953
HILICZ_negative|IK:XNGIFLGASWRNHJ-UHFFFAOYSA-N,0.8952380952380953
C18_positive|IK:RSKTWDAINBIMPD-MCVCZSGFSA-N,0.8952380952380953
C18_positive|IK:QAIPRVGONGVQAS-DUXPYHPUSA-N,0.8952380952380953
HILICZ_negative|IK:YDTWOEYVDRKKCR-KNERPIHHSA-N,0.8952380952380953
C18_negative|IK:NGSWKAQJJWESNS-ZZXKWVIFSA-N,0.8952380952380953
C18_negative|IK:NGSWKAQJJWESNS-UHFFFAOYSA-N,0.8952380952380953
HILICZ_positive|IK:PHMGTWLYHMQYHV-KCUVMBNASA-N,0.8952380952380953
C18_positive|IK:RVMPLOSJMIQORE-XPDAHERZSA-N,0.8952380952380953
HILICZ_positive|IK:GUBGYTABKSRVRQ-TUTXPGRXSA-N,0.8952380952380953
C18_positive|IK:AQRQHYITOOVBTO-UHFFFAOYSA-N,0.8952380952380953
C18_negative|IK:ABVDJKDAAWCYKH-PNJCVKMMSA-N,0.8952380952380953
C18_positive|IK:RYWDJUUPROVLNV-LXFHESFISA-N,0.8857142857142857
C18_positive|IK:RBEJCQPPFCKTRZ-LHMZYYNSSA-N,0.8857142857142857
C18_positive|IK:QKQLSQLKXBHUSO-UHFFFAOYSA-N,0.8857142857142857
C18_positive|IK:FQTLCLSUCSAZDY-UHFFFAOYSA-N,0.8857142857142857
HILICZ_positive|IK:CGZNTHDUAFIKOH-BMVMOQKNSA-N,0.8857142857142857
C18_positive|IK:NSNGIRMJTMEZBF-YJKZWKBDSA-N,0.8857142857142857
C18_positive|IK:KQBFNIVRWYGXRN-QJMXJWGSSA-N,0.8857142857142857
HILICZ_positive|IK:HBZNVZIRJWODIB-KPMVPPRFSA-N,0.8857142857142857
C18_positive|IK:XDEIKTUBWBCMDT-UHFFFAOYSA-N,0.8857142857142857
HILICZ_negative|IK:GCFBQCLCBDJAGR-UHFFFAOYSA-N,0.8857142857142857
HILICZ_negative|IK:CXQWRCVTCMQVQX-UHFFFAOYSA-N,0.8857142857142857
C18_negative|IK:QGWDYPREORDRIT-UHFFFAOYSA-N,0.8857142857142857
C18_negative|IK:CFJLERBDXYGARW-TVKJYDDYSA-N,0.8857142857142857
HILICZ_negative|IK:PHOQVHQSTUBQQK-SQOUGZDYSA-N,0.8857142857142857
C18_negative|IK:WXTMDXOMEHJXQO-UHFFFAOYSA-N,0.8857142857142857
HILICZ_negative|IK:BJRNKVDFDLYUGJ-RMPHRYRLSA-N,0.8857142857142857
C18_positive|IK:DDWYTNONBBOFFA-UHFFFAOYSA-N,0.8857142857142857
HILICZ_negative|IK:XJMMNTGIMDZPMU-UHFFFAOYSA-N,0.8857142857142857
C18_positive|IK:IQFYYKKMVGJFEH-UHFFFAOYSA-N,0.8857142857142857
C18_negative|IK:FJKROLUGYXJWQN-UHFFFAOYSA-N,0.8857142857142857
HILICZ_positive|IK:OVRNDRQMDRJTHS-ZTVVOAFPSA-N,0.8857142857142857
C18_positive|IK:LGVFNUIOBMTGRA-GYZJEQCASA-N,0.8857142857142857
C18_positive|IK:OZFIJBRLEXJLPY-CSKARUKUSA-N,0.8857142857142857
HILICZ_negative|IK:PVNIIMVLHYAWGP-UHFFFAOYSA-N,0.8857142857142857
C18_positive|IK:WTLBZVNBAKMVDP-UHFFFAOYSA-N,0.8857142857142857
C18_positive|IK:YIKVTTODIBALQN-UHFFFAOYSA-N,0.8857142857142857
HILICZ_positive|IK:ZBCBWPMODOFKDW-UHFFFAOYSA-N,0.8857142857142857
HILICZ_positive|IK:IVQHJVPBXTXCBJ-UHFFFAOYSA-N,0.8857142857142857
C18_negative|IK:HPSWAEGGWLOOKT-OWOJBTEDSA-N,0.8857142857142857
C18_positive|IK:URFCJEUYXNAHFI-UHFFFAOYSA-N,0.8857142857142857
C18_negative|IK:YHGNXQAFNHCBTK-OWOJBTEDSA-N,0.8857142857142857
HILICZ_negative|IK:HFGSQOYIOKBQOW-RFMFWNHYSA-N,0.8857142857142857
C18_negative|IK:GAMYVSCDDLXAQW-UHFFFAOYSA-N,0.8857142857142857
HILICZ_positive|IK:ASWBNKHCZGQVJV-HSZRJFAPSA-N,0.8857142857142857
HILICZ_positive|IK:OVRNDRQMDRJTHS-RTRLPJTCSA-N,0.8857142857142857
C18_positive|IK:HMUJXQRRKBLVOO-AWEZNQCLSA-N,0.8857142857142857
HILICZ_positive|IK:JHXAZBBVQSRKJR-BSZOFBHHSA-N,0.8857142857142857
C18_positive|IK:MSWZFWKMSRAUBD-IVMDWMLBSA-N,0.8857142857142857
C18_negative|IK:AAWZDTNXLSGCEK-LNVDRNJUSA-N,0.8857142857142857
HILICZ_positive|IK:DRIVXEVMDWCWLI-CAQMIEAISA-N,0.8761904761904762
C18_positive|IK:OLXZPDWKRNYJJZ-RRKCRQDMSA-N,0.8761904761904762
C18_negative|IK:WLCHQSHZHFLMJH-GAVPBTRYSA-N,0.8761904761904762
C18_positive|IK:COLNVLDHVKWLRT-UHFFFAOYSA-N,0.8761904761904762
C18_negative|IK:CQSLTKIXAJTQGA-FLIBITNWSA-N,0.8761904761904762
HILICZ_negative|IK:IGMNYECMUMZDDF-UHFFFAOYSA-N,0.8761904761904762
C18_positive|IK:IJKRDVKGCQRKBI-UHFFFAOYSA-N,0.8761904761904762
HILICZ_positive|IK:RYVGWQDLAVSRHO-UHFFFAOYSA-N,0.8761904761904762
HILICZ_positive|IK:SOLWETWNPWWTPC-QPJJXVBHSA-N,0.8761904761904762
C18_positive|IK:ASWBNKHCZGQVJV-HSZRJFAPSA-N,0.8761904761904762
C18_positive|IK:QKRNXYDUTFTSBG-NVNXTCNLSA-N,0.8761904761904762
C18_positive|IK:QYARGOCFMSDSQR-UHFFFAOYSA-N,0.8761904761904762
C18_positive|IK:PDHAOJSHSJQANO-OWOJBTEDSA-N,0.8761904761904762
HILICZ_negative|IK:PFTAWBLQPZVEMU-UKRRQHHQSA-N,0.8761904761904762
HILICZ_negative|IK:YVYMBNSKXOXSKW-HXUWFJFHSA-N,0.8761904761904762
C18_positive|IK:LUADJIBUFOIMNV-UHFFFAOYSA-N,0.8761904761904762
C18_negative|IK:JVTAAEKCZFNVCJ-UHFFFAOYSA-N,0.8666666666666667
HILICZ_positive|IK:IYRMWMYZSQPJKC-UHFFFAOYSA-N,0.8666666666666667
C18_negative|IK:GLDQAMYCGOIJDV-UHFFFAOYSA-N,0.8666666666666667
HILICZ_positive|IK:KMPAOJFBQSXEAI-UHFFFAOYSA-N,0.8666666666666667
HILICZ_positive|IK:NTYJJOPFIAHURM-UHFFFAOYSA-N,0.8666666666666667
C18_positive|IK:CSGSKMJWQQEEQK-NHCPJIJJSA-N,0.8666666666666667
C18_positive|IK:UNBMQQNYLCPCHS-UHFFFAOYSA-N,0.8666666666666667
C18_positive|IK:VOCGSQHKPZSIKB-UHFFFAOYSA-N,0.8666666666666667
C18_positive|IK:JLIDBLDQVAYHNE-YKALOCIXSA-N,0.8666666666666667
HILICZ_negative|IK:LXVSANCQXSSLPA-UHFFFAOYSA-N,0.8666666666666667
C18_positive|IK:YRARGBWFOYODHQ-KHTUMDHASA-N,0.8666666666666667
C18_negative|IK:DRTQHJPVMGBUCF-XVFCMESISA-N,0.8666666666666667
C18_positive|IK:FMWJHXDPCQWVEJ-JVLSTEMRSA-N,0.8666666666666667
C18_negative|IK:CDRPUGZCRXZLFL-UHFFFAOYSA-N,0.8666666666666667
HILICZ_positive|IK:WHUUTDBJXJRKMK-VKHMYHEASA-N,0.8666666666666667
C18_positive|IK:HBFCVDJQUPEEIC-MRXNPFEDSA-N,0.8666666666666667
C18_positive|IK:APQFDHZCDLNMLA-APACUCGBSA-N,0.8666666666666667
HILICZ_negative|IK:SBHXYTNGIZCORC-UHFFFAOYSA-N,0.8666666666666667
C18_negative|IK:FFDULTAFAQRACT-XKBSQSBASA-N,0.8666666666666667
C18_positive|IK:OYTCTPHTVUEGCL-GCPOEHJPSA-N,0.8666666666666667
HILICZ_positive|IK:PADQINQHPQKXNL-LSDHHAIUSA-N,0.8666666666666667
C18_positive|IK:MCHQEVJMCLOQAZ-AKMRJOLWSA-N,0.8666666666666667
C18_positive|IK:OEYIOHPDSNJKLS-UHFFFAOYSA-N,0.8666666666666667
C18_positive|IK:RYEFFICCPKWYML-UHFFFAOYSA-N,0.8666666666666667
HILICZ_positive|IK:JCQLYHFGKNRPGE-FCVZTGTOSA-N,0.8666666666666667
HILICZ_positive|IK:OLXZPDWKRNYJJZ-RRKCRQDMSA-N,0.8666666666666667
C18_positive|IK:KKVZAVRSVHUSPL-GQCTYLIASA-N,0.8571428571428571
C18_positive|IK:IRZVHDLBAYNPCT-UHFFFAOYSA-N,0.8571428571428571
HILICZ_positive|IK:IPRIGHIBTRMTDP-UHFFFAOYSA-N,0.8571428571428571
C18_negative|IK:MFQIWHVVFBCURA-LKBAIHPRSA-N,0.8571428571428571
C18_negative|IK:XFZJEEAOWLFHDH-UKWJTHFESA-N,0.8571428571428571
C18_negative|IK:RLCWEUBIDIWNEA-JACXBSBZSA-N,0.8571428571428571
HILICZ_negative|IK:AEMOLEFTQBMNLQ-AQKNRBDQSA-N,0.8571428571428571
HILICZ_negative|IK:CAOMCZAIALVUPA-UHFFFAOYSA-N,0.8571428571428571
HILICZ_negative|IK:HOVAGTYPODGVJG-VOQCIKJUSA-N,0.8571428571428571
C18_negative|IK:KRKNYBCHXYNGOX-UHFFFAOYSA-N,0.8571428571428571
HILICZ_negative|IK:KKSDGJDHHZEWEP-SNAWJCMRSA-N,0.8571428571428571
C18_negative|IK:BJEPYKJPYRNKOW-REOHCLBHSA-N,0.8571428571428571
HILICZ_negative|IK:KPGXRSRHYNQIFN-UHFFFAOYSA-N,0.8571428571428571
HILICZ_positive|IK:KMOUJOKENFFTPU-UHFFFAOYSA-N,0.8571428571428571
C18_positive|IK:GSRPBBFLBACVKY-AJWNXJQWSA-N,0.8571428571428571
HILICZ_negative|IK:JXOHGGNKMLTUBP-HSUXUTPPSA-N,0.8571428571428571
HILICZ_positive|IK:FYGDTMLNYKFZSV-DZOUCCHMSA-N,0.8571428571428571
C18_positive|IK:QPVGQZZKAUMQSM-BJMVGYQFSA-N,0.8571428571428571
C18_positive|IK:FYGDTMLNYKFZSV-DZOUCCHMSA-N,0.8571428571428571
HILICZ_positive|IK:GHOKWGTUZJEAQD-UHFFFAOYSA-N,0.8571428571428571
C18_positive|IK:IPQOBEBHJDIMQR-UHFFFAOYSA-N,0.8476190476190476
C18_positive|IK:PVNIIMVLHYAWGP-UHFFFAOYSA-N,0.8476190476190476
C18_positive|IK:KDNJTHIKZATBIB-HKIVJWRYSA-N,0.8476190476190476
HILICZ_negative|IK:VGONTNSXDCQUGY-RRKCRQDMSA-N,0.8476190476190476
C18_positive|IK:QGWDYPREORDRIT-UHFFFAOYSA-N,0.8476190476190476
C18_positive|IK:CGZNTHDUAFIKOH-BMVMOQKNSA-N,0.8476190476190476
C18_positive|IK:UIAFKZKHHVMJGS-UHFFFAOYSA-N,0.8476190476190476
C18_positive|IK:CWOFGGNDZOPNFG-UHFFFAOYSA-N,0.8476190476190476
HILICZ_negative|IK:CQLRUIIRRZYHHS-UHFFFAOYSA-N,0.8476190476190476
HILICZ_negative|IK:FSYKKLYZXJSNPZ-UHFFFAOYSA-N,0.8476190476190476
HILICZ_negative|IK:XFTRTWQBIOMVPK-UHFFFAOYSA-N,0.8476190476190476
HILICZ_negative|IK:WKOLLVMJNQIZCI-UHFFFAOYSA-N,0.8476190476190476
HILICZ_negative|IK:DCXYFEDJOCDNAF-REOHCLBHSA-N,0.8476190476190476
C18_negative|IK:YVYMBNSKXOXSKW-HXUWFJFHSA-N,0.8476190476190476
HILICZ_negative|IK:BJHIKXHVCXFQLS-PQLUHFTBSA-N,0.8476190476190476
C18_positive|IK:RMSKZOXJAHOIER-GGKKSNITSA-N,0.8476190476190476
HILICZ_negative|IK:VZCYOOQTPOCHFL-UPHRSURJSA-N,0.8476190476190476
C18_positive|IK:GKJZMAHZJGSBKD-NMMTYZSQSA-N,0.8476190476190476
C18_negative|IK:CZOXIGOPZRIBJM-TZWBTVLISA-N,0.8476190476190476
C18_positive|IK:SHGAZHPCJJPHSC-UHFFFAOYSA-N,0.8380952380952381
HILICZ_positive|IK:QHZLMUACJMDIAE-UHFFFAOYSA-N,0.8380952380952381
C18_negative|IK:VZCYOOQTPOCHFL-UPHRSURJSA-N,0.8380952380952381
C18_positive|IK:GEWDNTWNSAZUDX-UHFFFAOYSA-N,0.8380952380952381
C18_negative|IK:DLRVVLDZNNYCBX-ABXHMFFYSA-N,0.8380952380952381
C18_negative|IK:RJWJHRPNHPHBRN-UHFFFAOYSA-N,0.8380952380952381
HILICZ_negative|IK:LJCWONGJFPCTTL-ZETCQYMHSA-N,0.8380952380952381
C18_positive|IK:ZRGXCWYRIBRSQA-UHFFFAOYSA-N,0.8380952380952381
C18_positive|IK:WEKCEGQSIIQPAQ-IRBNZIFYSA-N,0.8380952380952381
C18_positive|IK:WNLRTRBMVRJNCN-UHFFFAOYSA-N,0.8380952380952381
C18_negative|IK:CZMRCDWAGMRECN-UGDNZRGBSA-N,0.8380952380952381
HILICZ_negative|IK:JJMDCOVWQOJGCB-UHFFFAOYSA-N,0.8380952380952381
C18_negative|IK:TYFQFVWCELRYAO-UHFFFAOYSA-N,0.8380952380952381
HILICZ_negative|IK:IPCSVZSSVZVIGE-UHFFFAOYSA-N,0.8380952380952381
C18_positive|IK:NNPPLRJHBQPBAQ-UKRBZAIKSA-N,0.8380952380952381
HILICZ_positive|IK:MRIXVKKOHPQOFK-UHFFFAOYSA-N,0.8380952380952381
HILICZ_positive|IK:GXBVESSBUINHIO-UHFFFAOYSA-N,0.8380952380952381
C18_positive|IK:NPRJSFWNFTXXQC-UHFFFAOYSA-N,0.8380952380952381
HILICZ_positive|IK:LISFMEBWQUVKPJ-UHFFFAOYSA-N,0.8285714285714286
C18_positive|IK:ZJSJQWDXAYNLNS-XJUVHSKASA-N,0.8285714285714286
HILICZ_positive|IK:MSWZFWKMSRAUBD-UHFFFAOYSA-N,0.8285714285714286
C18_positive|IK:ORJDDOBAOGKRJV-CQSZACIVSA-N,0.8285714285714286
C18_negative|IK:OLNJUISKUQQNIM-UHFFFAOYSA-N,0.8285714285714286
HILICZ_negative|IK:SBJKKFFYIZUCET-UHFFFAOYSA-N,0.8285714285714286
C18_positive|IK:WYEPBHZLDUPIOD-UHFFFAOYSA-N,0.8285714285714286
HILICZ_negative|IK:OYHQOLUKZRVURQ-AVQMFFATSA-N,0.8285714285714286
HILICZ_negative|IK:ZWNLSRDFHQCTQW-UHFFFAOYSA-N,0.8285714285714286
HILICZ_positive|IK:YGSDEFSMJLZEOE-UHFFFAOYSA-N,0.8285714285714286
C18_positive|IK:IPRIGHIBTRMTDP-UHFFFAOYSA-N,0.8285714285714286
C18_negative|IK:HJBUYKZTEBZNSH-UHFFFAOYSA-N,0.8285714285714286
C18_positive|IK:KSEBMYQBYZTDHS-HWKANZROSA-N,0.8285714285714286
C18_negative|IK:AKEUNCKRJATALU-UHFFFAOYSA-N,0.819047619047619
C18_negative|IK:SJBWDSQCMPAGHA-UHFFFAOYSA-N,0.819047619047619
C18_negative|IK:BLUAFEHZUWYNDE-DCJAHCNHSA-N,0.819047619047619
C18_positive|IK:RZRNAYUHWVFMIP-UHFFFAOYSA-N,0.819047619047619
C18_positive|IK:JVOQYXVFJHETKK-RKQHYHRCSA-N,0.819047619047619
HILICZ_negative|IK:FBPFZTCFMRRESA-GUCUJZIJSA-N,0.819047619047619
HILICZ_negative|IK:BJEPYKJPYRNKOW-UWTATZPHSA-N,0.819047619047619
HILICZ_negative|IK:LCTONWCANYUPML-UHFFFAOYSA-N,0.819047619047619
C18_negative|IK:VCCRNZQBSJXYJD-UHFFFAOYSA-N,0.819047619047619
HILICZ_negative|IK:KQBFNIVRWYGXRN-QJMXJWGSSA-N,0.819047619047619
C18_negative|IK:FBPFZTCFMRRESA-GUCUJZIJSA-N,0.819047619047619
C18_positive|IK:KQXDGUVSAAQARU-HZJYTTRNSA-N,0.819047619047619
C18_positive|IK:WECGLUPZRHILCT-HZJYTTRNSA-N,0.819047619047619
HILICZ_negative|IK:GAMYVSCDDLXAQW-UHFFFAOYSA-N,0.819047619047619
HILICZ_negative|IK:HEBKCHPVOIAQTA-IMJSIDKUSA-N,0.819047619047619
C18_positive|IK:KVWWIYGFBYDJQC-UHFFFAOYSA-N,0.819047619047619
HILICZ_positive|IK:DANYIYRPLHHOCZ-UHFFFAOYSA-N,0.819047619047619
HILICZ_positive|IK:FSYKKLYZXJSNPZ-UHFFFAOYSA-N,0.819047619047619
C18_negative|IK:OPJZLUXFQFQYAI-UHFFFAOYSA-N,0.819047619047619
C18_negative|IK:KCOOTJRKKIDHTM-UHFFFAOYSA-N,0.819047619047619
HILICZ_positive|IK:LOIYMIARKYCTBW-UHFFFAOYSA-N,0.8095238095238095
C18_positive|IK:OEUWSFOOMITSHN-UHFFFAOYSA-N,0.8095238095238095
C18_positive|IK:OXVUXGFZHDKYLS-YFIQRXMRSA-N,0.8095238095238095
C18_positive|IK:IAWGZKRQDHPFCZ-UHFFFAOYSA-N,0.8095238095238095
C18_positive|IK:CDVMOSRXPDTXBF-LKVSRFHLSA-N,0.8095238095238095
HILICZ_negative|IK:KKEYFWRCBNTPAC-UHFFFAOYSA-N,0.8095238095238095
C18_positive|IK:COBPKKZHLDDMTB-UHFFFAOYSA-N,0.8095238095238095
HILICZ_negative|IK:CZSKYBTXDJQXNC-ZFQONWCHSA-N,0.8095238095238095
C18_positive|IK:LHVOTBCQBLBMAB-UHFFFAOYSA-N,0.8095238095238095
HILICZ_positive|IK:UHDGCWIWMRVCDJ-XVFCMESISA-N,0.8095238095238095
C18_negative|IK:IBGBGRVKPALMCQ-UHFFFAOYSA-N,0.8095238095238095
HILICZ_negative|IK:MUPFEKGTMRGPLJ-BQCSWRFHSA-N,0.8095238095238095
C18_positive|IK:AXYJXSKPTBZVAC-UHFFFAOYSA-N,0.8095238095238095
HILICZ_negative|IK:AYFVYJQAPQTCCC-UHFFFAOYSA-N,0.8095238095238095
HILICZ_negative|IK:SECPZKHBENQXJG-BQYQJAHWSA-N,0.8
HILICZ_positive|IK:AHYOMNWKYGMYMB-CIEFDVMPSA-N,0.8
HILICZ_negative|IK:ZHDJHNSKUYZDCF-UHFFFAOYSA-N,0.8
C18_negative|IK:PRAUVHZJPXOEIF-UHFFFAOYSA-N,0.8
C18_positive|IK:DVLLGHPCJPEUHA-UHFFFAOYSA-N,0.8
C18_positive|IK:FBUBVLUPUDBFME-UHFFFAOYSA-N,0.8
HILICZ_negative|IK:UGQMRVRMYYASKQ-UHFFFAOYSA-N,0.8
HILICZ_negative|IK:OXQKEKGBFMQTML-KVTDHHQDSA-N,0.8
C18_positive|IK:PQBNFWAEWSZZOB-UHFFFAOYSA-N,0.8
C18_positive|IK:AZYVCLJYWIHOAD-UHFFFAOYSA-N,0.8
C18_negative|IK:XJMYUPJDAFKICJ-SEAQMCRASA-N,0.8
C18_positive|IK:QWQGMMRHTWIOGH-UHFFFAOYSA-N,0.8
C18_positive|IK:ARFRWVLNDNZOTL-UHFFFAOYSA-N,0.8
C18_positive|IK:LLEMMFPELBNINR-SKYGPZSASA-N,0.8
HILICZ_negative|IK:CZOXIGOPZRIBJM-TZWBTVLISA-N,0.8
HILICZ_positive|IK:FTVWIRXFELQLPI-UHFFFAOYSA-N,0.8
C18_positive|IK:MIJYXULNPSFWEK-UHFFFAOYSA-N,0.8
C18_negative|IK:PFTAWBLQPZVEMU-UKRRQHHQSA-N,0.7904761904761904
C18_positive|IK:OILXMJHPFNGGTO-ZAUYPBDWSA-N,0.7904761904761904
C18_positive|IK:LRQKBLKVPFOOQJ-YFKPBYRVSA-N,0.7904761904761904
HILICZ_positive|IK:SIOXPEMLGUPBBT-UHFFFAOYSA-N,0.7904761904761904
C18_positive|IK:PRAUVHZJPXOEIF-UHFFFAOYSA-N,0.7904761904761904
C18_positive|IK:GQEOLYBERRZZCE-UHFFFAOYSA-N,0.7904761904761904
C18_negative|IK:BJEPYKJPYRNKOW-UWTATZPHSA-N,0.7904761904761904
HILICZ_negative|IK:CBQJSKKFNMDLON-UHFFFAOYSA-N,0.7904761904761904
HILICZ_negative|IK:ODNMTIVRLHXQTE-UHFFFAOYSA-N,0.7904761904761904
C18_negative|IK:WUADCCWRTIWANL-UHFFFAOYSA-N,0.7904761904761904
C18_positive|IK:DZRVGBRAMLSZDQ-HSMQXHTESA-N,0.7904761904761904
C18_positive|IK:SZUJJDLBXJCDNT-UHFFFAOYSA-N,0.7904761904761904
HILICZ_negative|IK:RAFHNDRXYHOLSH-UHFFFAOYSA-N,0.7904761904761904
HILICZ_negative|IK:JDNUVLAJLPVYNP-SWMGHYKJSA-N,0.780952380952381
HILICZ_positive|IK:FVXDQWZBHIXIEJ-LNDKUQBDSA-N,0.780952380952381
C18_positive|IK:VPAOSFFTKWUGAD-TVKJYDDYSA-N,0.780952380952381
C18_positive|IK:GUMFPOIJOXLCLA-JKSUJKDBSA-N,0.780952380952381
HILICZ_negative|IK:HNEGQIOMVPPMNR-IHWYPQMZSA-N,0.780952380952381
C18_positive|IK:OKUGUNDXBGUFPA-OCGSKHJZSA-N,0.780952380952381
C18_positive|IK:LJVMNMMAZVWXPY-UHFFFAOYSA-N,0.780952380952381
HILICZ_negative|IK:DGGOLFCPSUVVHX-UHFFFAOYSA-N,0.780952380952381
C18_positive|IK:ACHDMUPTZYZIGR-CUHSZNQNSA-N,0.780952380952381
HILICZ_negative|IK:PYMYPHUHKUWMLA-VPENINKCSA-N,0.780952380952381
C18_negative|IK:WHBMMWSBFZVSSR-GSVOUGTGSA-N,0.780952380952381
C18_negative|IK:CUCUKLJLRRAKFN-UHFFFAOYSA-N,0.780952380952381
C18_positive|IK:GXBVESSBUINHIO-UHFFFAOYSA-N,0.780952380952381
HILICZ_positive|IK:FRGQUTFBRMOBND-UHFFFAOYSA-N,0.7714285714285715
HILICZ_positive|IK:GFFGJBXGBJISGV-UHFFFAOYSA-N,0.7714285714285715
HILICZ_negative|IK:LRFVTYWOQMYALW-UHFFFAOYSA-N,0.7714285714285715
HILICZ_negative|IK:ODLVGCCGMXGMGZ-UHFFFAOYSA-N,0.7714285714285715
C18_positive|IK:OLXZPDWKRNYJJZ-UHFFFAOYSA-N,0.7714285714285715
C18_positive|IK:QUOZWMJFTQUXON-UXXRCYHCSA-N,0.7714285714285715
HILICZ_negative|IK:VZCYOOQTPOCHFL-OWOJBTEDSA-N,0.7714285714285715
C18_negative|IK:PVWALMCXZUMCBB-UHFFFAOYSA-N,0.7714285714285715
C18_positive|IK:RTIXKCRFFJGDFG-UHFFFAOYSA-N,0.7714285714285715
C18_negative|IK:JVQYSWDUAOAHFM-UHFFFAOYSA-N,0.7714285714285715
C18_negative|IK:DJOJDHGQRNZXQQ-UHFFFAOYSA-N,0.7619047619047619
C18_negative|IK:YGSDEFSMJLZEOE-UHFFFAOYSA-N,0.7619047619047619
C18_positive|IK:XVTXMBZTDMASHY-JCHUFIKGSA-N,0.7619047619047619
C18_positive|IK:ZJDOESGVOWAULF-OGJQONSISA-N,0.7619047619047619
C18_negative|IK:ZHDJHNSKUYZDCF-UHFFFAOYSA-N,0.7619047619047619
C18_positive|IK:CCRCUPLGCSFEDV-BQYQJAHWSA-N,0.7619047619047619
C18_positive|IK:FIQMHBFVRAXMOP-UHFFFAOYSA-N,0.7619047619047619
C18_negative|IK:GYUCMTKUEQLBJW-UHFFFAOYSA-N,0.7619047619047619
C18_negative|IK:BJHIKXHVCXFQLS-PQLUHFTBSA-N,0.7619047619047619
HILICZ_positive|IK:KSEBMYQBYZTDHS-UHFFFAOYSA-N,0.7619047619047619
HILICZ_positive|IK:ZTNYRNGTBAGYIZ-QXMHVHEDSA-N,0.7619047619047619
HILICZ_negative|IK:SQVRNKJHWKZAKO-LUWBGTNYSA-N,0.7619047619047619
C18_negative|IK:MQSXZQXHIJMNAF-UHFFFAOYSA-N,0.7619047619047619
C18_positive|IK:KJGPBYUQZLUKLL-UHFFFAOYSA-N,0.7619047619047619
C18_positive|IK:PRYIJAGAEJZDBO-ZEQHCUNVSA-N,0.7619047619047619
C18_negative|IK:FQFJIJMMCVBRBL-UHFFFAOYSA-N,0.7619047619047619
HILICZ_positive|IK:ACHDMUPTZYZIGR-CUHSZNQNSA-N,0.7619047619047619
C18_positive|IK:PHMGTWLYHMQYHV-KCUVMBNASA-N,0.7619047619047619
HILICZ_positive|IK:WKGYQHYYELHOBX-UHFFFAOYSA-N,0.7619047619047619
C18_negative|IK:FEGXTMHRTZJSIG-MVXUSQBOSA-N,0.7523809523809524
C18_positive|IK:WBYWAXJHAXSJNI-UHFFFAOYSA-N,0.7523809523809524
C18_positive|IK:RZRNAYUHWVFMIP-MDZDMXLPSA-N,0.7523809523809524
C18_positive|IK:FVWJYYTZTCVBKE-UHFFFAOYSA-N,0.7523809523809524
C18_positive|IK:FLROYCKIIJCTDY-BFMVXSJESA-N,0.7523809523809524
C18_positive|IK:ULSIYEODSMZIPX-UHFFFAOYSA-N,0.7523809523809524
C18_negative|IK:DLIKSSGEMUFQOK-UHFFFAOYSA-N,0.7428571428571429
HILICZ_positive|IK:QJVXKWHHAMZTBY-GCPOEHJPSA-N,0.7428571428571429
HILICZ_negative|IK:XRVLGJCHUWXTDX-UHFFFAOYSA-N,0.7428571428571429
HILICZ_negative|IK:MRIXVKKOHPQOFK-UHFFFAOYSA-N,0.7428571428571429
HILICZ_negative|IK:LOIYMIARKYCTBW-UHFFFAOYSA-N,0.7428571428571429
C18_positive|IK:KZSNJWFQEVHDMF-BYPYZUCNSA-N,0.7428571428571429
HILICZ_negative|IK:OKJIRPAQVSHGFK-UHFFFAOYSA-N,0.7428571428571429
C18_positive|IK:QEGXBXBKQLQOHP-HSZKHKTISA-N,0.7428571428571429
C18_positive|IK:JZFSMVXQUWRSIW-UHFFFAOYSA-N,0.7428571428571429
HILICZ_negative|IK:ISAKRJDGNUQOIC-UHFFFAOYSA-N,0.7428571428571429
HILICZ_negative|IK:KMQUGCQVIDIVLT-CKNMYDPISA-N,0.7428571428571429
C18_positive|IK:MJMMUATWVTYSFD-YDFGWWAZSA-N,0.7428571428571429
HILICZ_positive|IK:UQZIYBXSHAGNOE-XNSRJBNMSA-N,0.7428571428571429
C18_positive|IK:JBYXPOFIGCOSSB-UHFFFAOYSA-N,0.7428571428571429
C18_positive|IK:RCMABBHQYMBYKV-UHFFFAOYSA-N,0.7428571428571429
C18_negative|IK:WBYWAXJHAXSJNI-VOTSOKGWSA-N,0.7333333333333333
HILICZ_negative|IK:BDJRBEYXGGNYIS-UHFFFAOYSA-N,0.7333333333333333
C18_negative|IK:KDYFGRWQOYBRFD-UHFFFAOYSA-N,0.7333333333333333
HILICZ_positive|IK:JLIDBLDQVAYHNE-UHFFFAOYSA-N,0.7333333333333333
C18_negative|IK:JIDXOGPQCVBGSC-BXUICYMCSA-N,0.7333333333333333
C18_negative|IK:IVRQZYXJBVMHCW-OTCFHACESA-N,0.7333333333333333
HILICZ_negative|IK:KHQBUXVQVFVJTF-UHFFFAOYSA-N,0.7333333333333333
HILICZ_positive|IK:GSEJCLTVZPLZKY-UHFFFAOYSA-N,0.7238095238095238
HILICZ_positive|IK:YKBGVTZYEHREMT-UHFFFAOYSA-N,0.7238095238095238
C18_positive|IK:MPDGHEJMBKOTSU-UHFFFAOYSA-N,0.7238095238095238
C18_positive|IK:IWQNLEQMXRCTIL-UHFFFAOYSA-N,0.7238095238095238
HILICZ_negative|IK:COLNVLDHVKWLRT-QMMMGPOBSA-N,0.7238095238095238
C18_positive|IK:KDYILQLPKVZDGB-UHFFFAOYSA-N,0.7238095238095238
C18_positive|IK:LVGKNOAMLMIIKO-QXMHVHEDSA-N,0.7238095238095238
C18_positive|IK:LUZSWWYKKLTDHU-ZJHFMPGASA-N,0.7238095238095238
HILICZ_positive|IK:MMOXZBCLCQITDF-UHFFFAOYSA-N,0.7238095238095238
C18_negative|IK:KKSDGJDHHZEWEP-SNAWJCMRSA-N,0.7238095238095238
C18_negative|IK:CWVRJTMFETXNAD-UHFFFAOYSA-N,0.7142857142857143
HILICZ_negative|IK:MXHRCPNRJAMMIM-UHFFFAOYSA-N,0.7142857142857143
C18_positive|IK:AEPMKZIOUKHDOO-UHFFFAOYSA-N,0.7142857142857143
C18_positive|IK:SIMPNXWTAVEOTO-RKQHYHRCSA-N,0.7142857142857143
HILICZ_negative|IK:GTZCVFVGUGFEME-UHFFFAOYSA-N,0.7142857142857143
C18_negative|IK:LKDRXBCSQODPBY-JDJSBBGDSA-N,0.7142857142857143
C18_positive|IK:BJHIKXHVCXFQLS-PQLUHFTBSA-N,0.7047619047619048
C18_negative|IK:HFGSQOYIOKBQOW-RFMFWNHYSA-N,0.7047619047619048
C18_negative|IK:XRVLGJCHUWXTDX-UHFFFAOYSA-N,0.7047619047619048
C18_positive|IK:WLPPIQFQOIOZAI-UHFFFAOYSA-N,0.7047619047619048
HILICZ_negative|IK:WLJVXDMOQOGPHL-UHFFFAOYSA-N,0.7047619047619048
C18_positive|IK:IBMRTYCHDPMBFN-UHFFFAOYSA-N,0.7047619047619048
C18_positive|IK:GHOKWGTUZJEAQD-UHFFFAOYSA-N,0.7047619047619048
HILICZ_positive|IK:KWIUHFFTVRNATP-UHFFFAOYSA-N,0.7047619047619048
C18_positive|IK:JJMDCOVWQOJGCB-UHFFFAOYSA-N,0.7047619047619048
HILICZ_positive|IK:KQBFNIVRWYGXRN-QJMXJWGSSA-N,0.6952380952380952
C18_positive|IK:VRHZMFGDDGFRLP-UHFFFAOYSA-N,0.6952380952380952
C18_negative|IK:FQWZGEBZILOCET-BJGSYIFTSA-N,0.6952380952380952
C18_positive|IK:RGHMISIYKIHAJW-UHFFFAOYSA-N,0.6952380952380952
HILICZ_positive|IK:FORFDCPQKJHEBF-VPUSDGANSA-N,0.6952380952380952
C18_positive|IK:MRIXVKKOHPQOFK-UHFFFAOYSA-N,0.6952380952380952
HILICZ_negative|IK:UKMSUNONTOPOIO-UHFFFAOYSA-N,0.6952380952380952
C18_positive|IK:KWIUHFFTVRNATP-UHFFFAOYSA-N,0.6952380952380952
C18_positive|IK:OUBDJJFZUQGQLU-ZHFYLPRNSA-N,0.6952380952380952
C18_negative|IK:XGEYXJDOVMEJNG-UHFFFAOYSA-N,0.6857142857142857
C18_negative|IK:WSWCOQWTEOXDQX-MQQKCMAXSA-N,0.6857142857142857
C18_negative|IK:LTSJJOKAWSCMBC-UHFFFAOYSA-N,0.6857142857142857
C18_positive|IK:OYTCZOJKXCTBHG-UHFFFAOYSA-N,0.6857142857142857
HILICZ_positive|IK:COLNVLDHVKWLRT-QMMMGPOBSA-N,0.6857142857142857
C18_negative|IK:OCNYGKNIVPVPPX-UHFFFAOYSA-N,0.6857142857142857
C18_negative|IK:GUNGQVJAKLIYDG-JXMROGBWSA-N,0.6857142857142857
HILICZ_positive|IK:CDRPUGZCRXZLFL-UHFFFAOYSA-N,0.6857142857142857
HILICZ_negative|IK:WXTMDXOMEHJXQO-UHFFFAOYSA-N,0.6857142857142857
C18_negative|IK:IVKGLRZLTNXWKF-VAWYXSNFSA-N,0.6857142857142857
HILICZ_negative|IK:CFJLERBDXYGARW-TVKJYDDYSA-N,0.6857142857142857
HILICZ_negative|IK:SXZYCXMUPBBULW-SKNVOMKLSA-N,0.6857142857142857
HILICZ_negative|IK:BIABMEZBCHDPBV-BEBVUIBBSA-N,0.6857142857142857
C18_positive|IK:DXNCZXXFRKPEPY-UHFFFAOYSA-N,0.6857142857142857
HILICZ_negative|IK:UQZIYBXSHAGNOE-XNSRJBNMSA-N,0.6857142857142857
C18_positive|IK:XGILAAMKEQUXLS-UHFFFAOYSA-N,0.6761904761904762
HILICZ_positive|IK:AUNGANRZJHBGPY-SCRDCRAPSA-N,0.6761904761904762
C18_positive|IK:NGSWKAQJJWESNS-UHFFFAOYSA-N,0.6761904761904762
HILICZ_positive|IK:YNBADRVTZLEFNH-UHFFFAOYSA-N,0.6761904761904762
C18_positive|IK:JIVGSHFYXPRRSZ-UHFFFAOYSA-N,0.6761904761904762
C18_negative|IK:RSKTWDAINBIMPD-MCVCZSGFSA-N,0.6761904761904762
C18_positive|IK:GYBMMZYCUFIKJQ-NHCPJIJJSA-N,0.6761904761904762
C18_positive|IK:CJBDUOMQLFKVQC-UHFFFAOYSA-N,0.6761904761904762
C18_positive|IK:ZQPPMHVWECSIRJ-UHFFFAOYSA-N,0.6761904761904762
HILICZ_negative|IK:IQFYYKKMVGJFEH-XLPZGREQSA-N,0.6761904761904762
HILICZ_negative|IK:AKEUNCKRJATALU-UHFFFAOYSA-N,0.6761904761904762
HILICZ_positive|IK:GAMYVSCDDLXAQW-UHFFFAOYSA-N,0.6666666666666666
C18_positive|IK:OZFDJYNLTZUREV-UHFFFAOYSA-N,0.6666666666666666
HILICZ_negative|IK:CZMRCDWAGMRECN-UGDNZRGBSA-N,0.6666666666666666
C18_negative|IK:OKVJCVWFVRATSG-UHFFFAOYSA-N,0.6666666666666666
C18_positive|IK:NNKKJSANGUCFHH-UHFFFAOYSA-N,0.6666666666666666
C18_negative|IK:GHOKWGTUZJEAQD-UHFFFAOYSA-N,0.6666666666666666
C18_negative|IK:UGAGPNKCDRTDHP-UHFFFAOYSA-N,0.6571428571428571
C18_positive|IK:GUBGYTABKSRVRQ-QRZGKKJRSA-N,0.6571428571428571
HILICZ_negative|IK:AXFYFNCPONWUHW-UHFFFAOYSA-N,0.6571428571428571
C18_positive|IK:SPWHQAUMLDQOFU-LWZOEEAQSA-N,0.6571428571428571
C18_positive|IK:JXSVIVRDWWRQRT-UHFFFAOYSA-N,0.6571428571428571
HILICZ_negative|IK:GHOKWGTUZJEAQD-UHFFFAOYSA-N,0.6571428571428571
HILICZ_negative|IK:GYXGAEAOIFNGAE-UHFFFAOYSA-N,0.6476190476190476
C18_positive|IK:OSZHSESNQIMXMZ-UHFFFAOYSA-N,0.6476190476190476
C18_positive|IK:PFTAWBLQPZVEMU-UHFFFAOYSA-N,0.6476190476190476
C18_positive|IK:YGSDEFSMJLZEOE-UHFFFAOYSA-N,0.6476190476190476
C18_negative|IK:IJFXRHURBJZNAO-UHFFFAOYSA-N,0.6476190476190476
C18_negative|IK:WBYWAXJHAXSJNI-UHFFFAOYSA-N,0.638095238095238
C18_positive|IK:GUBGYTABKSRVRQ-QUYVBRFLSA-N,0.638095238095238
HILICZ_negative|IK:YCIMNLLNPGFGHC-UHFFFAOYSA-N,0.638095238095238
C18_negative|IK:WEHFIEZHFRETHH-ZHACJKMWSA-N,0.638095238095238
C18_positive|IK:QKJALQPLNMEDAV-UHFFFAOYSA-N,0.638095238095238
HILICZ_negative|IK:VRYALKFFQXWPIH-UHFFFAOYSA-N,0.638095238095238
HILICZ_positive|IK:NGFMICBWJRZIBI-UHFFFAOYSA-N,0.638095238095238
HILICZ_negative|IK:IHCCAYCGZOLTEU-UHFFFAOYSA-N,0.6285714285714286
C18_positive|IK:SAOKZLXYCUGLFA-UHFFFAOYSA-N,0.6285714285714286
C18_positive|IK:VQTDPCRSXHFMOL-UHFFFAOYSA-N,0.6285714285714286
HILICZ_positive|IK:OYTCZOJKXCTBHG-UHFFFAOYSA-N,0.6285714285714286
HILICZ_negative|IK:CKLJMWTZIZZHCS-REOHCLBHSA-N,0.6285714285714286
C18_positive|IK:DKZBBWMURDFHNE-NSCUHMNNSA-N,0.6285714285714286
C18_positive|IK:IMKJGXCIJJXALX-UHFFFAOYSA-N,0.6285714285714286
C18_negative|IK:CKEXCBVNKRHAMX-UHFFFAOYSA-N,0.6190476190476191
HILICZ_negative|IK:XGEYXJDOVMEJNG-UHFFFAOYSA-N,0.6190476190476191
C18_positive|IK:FBUKMFOXMZRGRB-YFHOEESVSA-N,0.6190476190476191
C18_negative|IK:RTIXKCRFFJGDFG-UHFFFAOYSA-N,0.6190476190476191
C18_positive|IK:WEMJCDDYUBVWRB-UHFFFAOYSA-N,0.6190476190476191
HILICZ_positive|IK:FLROYCKIIJCTDY-BFMVXSJESA-N,0.6190476190476191
HILICZ_positive|IK:XPCTZQVDEJYUGT-UHFFFAOYSA-N,0.6190476190476191
C18_negative|IK:MLSVKXQHUTYXHD-VIZOYTHASA-N,0.6190476190476191
C18_positive|IK:DJOJDHGQRNZXQQ-AWEZNQCLSA-N,0.6190476190476191
HILICZ_negative|IK:SLWWJZMPHJJOPH-PHDIDXHHSA-N,0.6095238095238096
HILICZ_positive|IK:GOILPRCCOREWQE-UHFFFAOYSA-N,0.6095238095238096
HILICZ_negative|IK:NGSWKAQJJWESNS-ZZXKWVIFSA-N,0.6095238095238096
C18_positive|IK:QAIPRVGONGVQAS-UHFFFAOYSA-N,0.6095238095238096
C18_positive|IK:KDJVHSVOXOZBDR-UHFFFAOYSA-N,0.6
HILICZ_negative|IK:AAWZDTNXLSGCEK-LNVDRNJUSA-N,0.6
HILICZ_negative|IK:FGSBNBBHOZHUBO-UHFFFAOYSA-N,0.6
HILICZ_negative|IK:ZBCATMYQYDCTIZ-UHFFFAOYSA-N,0.6
C18_negative|IK:DANYIYRPLHHOCZ-UHFFFAOYSA-N,0.6
C18_positive|IK:IIRDTKBZINWQAW-UHFFFAOYSA-N,0.5904761904761905
C18_negative|IK:ODHCTXKNWHHXJC-UHFFFAOYSA-N,0.5904761904761905
C18_positive|IK:JORLYMGTWNNOMY-CRIIYPOOSA-N,0.5904761904761905
C18_positive|IK:YQILNNCHDIUIAD-UHFFFAOYSA-N,0.5904761904761905
HILICZ_negative|IK:CDRPUGZCRXZLFL-UHFFFAOYSA-N,0.5904761904761905
HILICZ_negative|IK:ODHCTXKNWHHXJC-UHFFFAOYSA-N,0.580952380952381
C18_positive|IK:ZBUMLAXYOMYUCL-UHFFFAOYSA-N,0.580952380952381
C18_positive|IK:GFFGJBXGBJISGV-UHFFFAOYSA-N,0.580952380952381
C18_positive|IK:JYFOSWJYZIVJPO-UHFFFAOYSA-N,0.5714285714285714
C18_negative|IK:BPSJMBKZSUTYNF-GXCUHXBUSA-N,0.5714285714285714
C18_positive|IK:MECHNRXZTMCUDQ-UHFFFAOYSA-N,0.5714285714285714
C18_positive|IK:MWAYRGBWOVHDDZ-UHFFFAOYSA-N,0.5619047619047619
C18_positive|IK:UVBLDLGZDSGCSN-MWOWFCOASA-N,0.5619047619047619
C18_positive|IK:WQZGKKKJIJFFOK-PHYPRBDBSA-N,0.5619047619047619
C18_positive|IK:NZKLGQRMNDHSPV-UHFFFAOYSA-N,0.5619047619047619
HILICZ_negative|IK:ZQPPMHVWECSIRJ-KTKRTIGZSA-N,0.5619047619047619
C18_positive|IK:LIVNOUBJFOXZOR-YMILTQATSA-N,0.5523809523809524
C18_positive|IK:NNCVVPLZMBGDIK-FQABINTDSA-N,0.5523809523809524
C18_negative|IK:DYHOLQACRGJEHX-UHFFFAOYSA-N,0.5523809523809524
HILICZ_negative|IK:LWYJCVVIVLBLID-UHFFFAOYSA-N,0.5523809523809524
C18_positive|IK:BSSIFJHEGYUPRJ-HNCKFYPBSA-N,0.5523809523809524
C18_positive|IK:AFDXODALSZRGIH-UHFFFAOYSA-N,0.5523809523809524
C18_positive|IK:PUQSUZTXKPLAPR-UJPOAAIJSA-N,0.5523809523809524
C18_negative|IK:WLJVXDMOQOGPHL-UHFFFAOYSA-N,0.5523809523809524
C18_positive|IK:LWYJCVVIVLBLID-UHFFFAOYSA-N,0.5523809523809524
HILICZ_positive|IK:LJVMNMMAZVWXPY-UHFFFAOYSA-N,0.5428571428571428
C18_negative|IK:SQFSKOYWJBQGKQ-UHFFFAOYSA-N,0.5428571428571428
C18_negative|IK:WQZGKKKJIJFFOK-DVKNGEFBSA-N,0.5428571428571428
C18_negative|IK:MPDGHEJMBKOTSU-UHFFFAOYSA-N,0.5428571428571428
HILICZ_negative|IK:FBPFZTCFMRRESA-KVTDHHQDSA-N,0.5428571428571428
HILICZ_positive|IK:ZBUMLAXYOMYUCL-UHFFFAOYSA-N,0.5333333333333333
HILICZ_negative|IK:DRTQHJPVMGBUCF-UHFFFAOYSA-N,0.5333333333333333
C18_positive|IK:BJRNKVDFDLYUGJ-UHFFFAOYSA-N,0.5333333333333333
HILICZ_negative|IK:PAZGBAOHGQRCBP-DDDNOICHSA-N,0.5333333333333333
HILICZ_positive|IK:JHAXQRDTTACRKJ-FQDDALBOSA-N,0.5238095238095238
C18_negative|IK:KQBFNIVRWYGXRN-QJMXJWGSSA-N,0.5238095238095238
C18_negative|IK:RYWDJUUPROVLNV-LXFHESFISA-N,0.5142857142857142
HILICZ_negative|IK:VZCYOOQTPOCHFL-UHFFFAOYSA-N,0.5142857142857142
HILICZ_positive|IK:MBNGWHIJMBWFHU-UHFFFAOYSA-N,0.5142857142857142
HILICZ_negative|IK:DRTQHJPVMGBUCF-XVFCMESISA-N,0.5142857142857142
C18_positive|IK:GKAJCVFOJGXVIA-UHFFFAOYSA-N,0.5142857142857142
C18_positive|IK:STCOOQWBFONSKY-UHFFFAOYSA-N,0.5142857142857142
HILICZ_negative|IK:KCOOTJRKKIDHTM-UHFFFAOYSA-N,0.5047619047619047
C18_positive|IK:VXOZCESVZIRHCJ-LNSUSAKYSA-N,0.5047619047619047
C18_positive|IK:MBIZFBDREVRUHY-UHFFFAOYSA-N,0.5047619047619047
C18_positive|IK:ORJDDOBAOGKRJV-UHFFFAOYSA-N,0.5047619047619047
HILICZ_negative|IK:GFFGJBXGBJISGV-UHFFFAOYSA-N,0.5047619047619047
C18_positive|IK:YBVIOLRRXMAGAE-UHFFFAOYSA-N,0.5047619047619047
HILICZ_negative|IK:WHBMMWSBFZVSSR-GSVOUGTGSA-N,0.49523809523809526
HILICZ_positive|IK:OLXZPDWKRNYJJZ-UHFFFAOYSA-N,0.49523809523809526
C18_positive|IK:BJQHLKABXJIVAM-UHFFFAOYSA-N,0.49523809523809526
C18_negative|IK:ZJSJQWDXAYNLNS-XJUVHSKASA-N,0.49523809523809526
C18_positive|IK:FTVWIRXFELQLPI-UHFFFAOYSA-N,0.49523809523809526
HILICZ_positive|IK:KDJVHSVOXOZBDR-UHFFFAOYSA-N,0.49523809523809526
C18_positive|IK:NDFUYJPVVCJYNZ-MVIFEUJBSA-N,0.49523809523809526
C18_positive|IK:JHXAZBBVQSRKJR-BSZOFBHHSA-N,0.49523809523809526
HILICZ_positive|IK:SIKJAQJRHWYJAI-UHFFFAOYSA-N,0.4857142857142857
C18_positive|IK:BBZCPUCZKLTAJQ-UHFFFAOYSA-N,0.47619047619047616
HILICZ_positive|IK:PUQSUZTXKPLAPR-UJPOAAIJSA-N,0.47619047619047616
C18_negative|IK:QQHJDPROMQRDLA-UHFFFAOYSA-N,0.47619047619047616
C18_positive|IK:FQWZGEBZILOCET-QEQKPWIDSA-N,0.47619047619047616
C18_negative|IK:KZNIFHPLKGYRTM-UHFFFAOYSA-N,0.47619047619047616
HILICZ_negative|IK:DLIKSSGEMUFQOK-UHFFFAOYSA-N,0.4666666666666667
HILICZ_negative|IK:HMUJXQRRKBLVOO-UHFFFAOYSA-N,0.4666666666666667
C18_negative|IK:AJFTWGKYXHISKT-UHFFFAOYSA-N,0.4666666666666667
C18_negative|IK:AIONOLUJZLIMTK-UHFFFAOYSA-N,0.4666666666666667
C18_positive|IK:OIRDTQYFTABQOQ-KQYNXXCUSA-N,0.4666666666666667
HILICZ_negative|IK:DSNRWDQKZIEDDB-GCMPNPAFSA-N,0.4666666666666667
C18_negative|IK:BAHHZVVNFAOLAZ-UHFFFAOYSA-N,0.4666666666666667
C18_negative|IK:JXSVIVRDWWRQRT-UMCOSQRYSA-N,0.4666666666666667
HILICZ_negative|IK:RYWDJUUPROVLNV-LXFHESFISA-N,0.45714285714285713
HILICZ_positive|IK:WKOLLVMJNQIZCI-UHFFFAOYSA-N,0.45714285714285713
HILICZ_positive|IK:FDGQSTZJBFJUBT-UHFFFAOYSA-N,0.44761904761904764
C18_positive|IK:SWYRVCGNMNAFEK-CLCVOTHJSA-N,0.44761904761904764
C18_negative|IK:NJRLDXGREKHXGV-IVABAYMNSA-N,0.44761904761904764
C18_positive|IK:AERBNCYCJBRYDG-KSZLIROESA-N,0.44761904761904764
HILICZ_negative|IK:JVQYSWDUAOAHFM-UHFFFAOYSA-N,0.44761904761904764
C18_positive|IK:CDRPUGZCRXZLFL-UHFFFAOYSA-N,0.44761904761904764
HILICZ_positive|IK:LZFOPEXOUVTGJS-UHFFFAOYSA-N,0.4380952380952381
C18_negative|IK:CSGSKMJWQQEEQK-NHCPJIJJSA-N,0.4380952380952381
C18_negative|IK:BJRNKVDFDLYUGJ-RMPHRYRLSA-N,0.42857142857142855
C18_negative|IK:KMQUGCQVIDIVLT-CKNMYDPISA-N,0.42857142857142855
HILICZ_positive|IK:CKTSBUTUHBMZGZ-SHYZEUOFSA-N,0.42857142857142855
C18_positive|IK:KSEBMYQBYZTDHS-UHFFFAOYSA-N,0.41904761904761906
C18_negative|IK:YCIMNLLNPGFGHC-UHFFFAOYSA-N,0.41904761904761906
C18_negative|IK:RGHHSNMVTDWUBI-UHFFFAOYSA-N,0.41904761904761906
HILICZ_negative|IK:KRKNYBCHXYNGOX-UHFFFAOYSA-N,0.41904761904761906
HILICZ_negative|IK:SMUMBCREXHTKFN-VZOUQOBNSA-N,0.41904761904761906
C18_positive|IK:IERGURVELWCYAW-UHFFFAOYSA-N,0.41904761904761906
C18_negative|IK:MUPFEKGTMRGPLJ-ZQSKZDJDSA-N,0.4095238095238095
HILICZ_negative|IK:AMKYESDOVDKZKV-UHFFFAOYSA-N,0.4095238095238095
C18_positive|IK:RJKFOVLPORLFTN-UHFFFAOYSA-N,0.4095238095238095
C18_positive|IK:SOLWETWNPWWTPC-QPJJXVBHSA-N,0.4095238095238095
C18_positive|IK:CRULJZWXPCYLAC-UHFFFAOYSA-N,0.4095238095238095
C18_positive|IK:MUPFEKGTMRGPLJ-ZQSKZDJDSA-N,0.4
HILICZ_positive|IK:UAUDZVJPLUQNMU-KTKRTIGZSA-N,0.4
HILICZ_positive|IK:OZFDJYNLTZUREV-UHFFFAOYSA-N,0.3904761904761905
C18_negative|IK:FUQGIYDZGLORRC-UHFFFAOYSA-N,0.3904761904761905
HILICZ_positive|IK:NJMQSVWMCODQIP-FQXXIRCGSA-N,0.3904761904761905
HILICZ_negative|IK:QZZGJDVWLFXDLK-UHFFFAOYSA-N,0.38095238095238093
C18_positive|IK:ZUUPZDSDPDQRJK-VXPJCVMDSA-N,0.38095238095238093
HILICZ_negative|IK:BJRNKVDFDLYUGJ-UHFFFAOYSA-N,0.38095238095238093
C18_positive|IK:WNMAPNHXZFEFDI-UHFFFAOYSA-N,0.37142857142857144
C18_positive|IK:LZFOPEXOUVTGJS-UHFFFAOYSA-N,0.37142857142857144
HILICZ_negative|IK:POJWUDADGALRAB-UHFFFAOYSA-N,0.3619047619047619
HILICZ_negative|IK:YEIQSAXUPKPPBN-UHFFFAOYSA-N,0.3619047619047619
C18_positive|IK:SIKJAQJRHWYJAI-UHFFFAOYSA-N,0.3619047619047619
C18_positive|IK:KLHSKTMVSOWVLD-UHFFFAOYSA-N,0.3619047619047619
C18_negative|IK:QGJZLNKBHJESQX-UHFFFAOYSA-N,0.3523809523809524
C18_negative|IK:URFCJEUYXNAHFI-UHFFFAOYSA-N,0.3523809523809524
C18_negative|IK:GUBGYTABKSRVRQ-QUYVBRFLSA-N,0.3523809523809524
C18_negative|IK:ZWNLSRDFHQCTQW-UHFFFAOYSA-N,0.34285714285714286
C18_positive|IK:FQZORWOCAANBNC-UHFFFAOYSA-N,0.34285714285714286
HILICZ_positive|IK:XEAQIWGXBXCYFX-UHFFFAOYSA-N,0.34285714285714286
C18_positive|IK:ROJOJPXRGHLGTC-UHFFFAOYSA-N,0.3333333333333333
HILICZ_negative|IK:UYTPUPDQBNUYGX-UHFFFAOYSA-N,0.3333333333333333
C18_negative|IK:LJCWONGJFPCTTL-ZETCQYMHSA-N,0.3333333333333333
HILICZ_negative|IK:QIQXTHQIDYTFRH-UHFFFAOYSA-N,0.3238095238095238
C18_positive|IK:WCGUUGGRBIKTOS-UHFFFAOYSA-N,0.3238095238095238
HILICZ_positive|IK:LGRFSURHDFAFJT-UHFFFAOYSA-N,0.3238095238095238
C18_positive|IK:WGNDRSIKIXVFLD-HXYHFMIISA-N,0.3142857142857143
HILICZ_negative|IK:IQFYYKKMVGJFEH-UHFFFAOYSA-N,0.3142857142857143
C18_positive|IK:RWQNBRDOKXIBIV-UHFFFAOYSA-N,0.3047619047619048
HILICZ_negative|IK:WJAOHEPEBANKEO-UHFFFAOYSA-N,0.3047619047619048
C18_negative|IK:QAIPRVGONGVQAS-UHFFFAOYSA-N,0.3047619047619048
C18_positive|IK:DANYIYRPLHHOCZ-UHFFFAOYSA-N,0.3047619047619048
C18_positive|IK:SYVFGLXUEAXFAP-UHFFFAOYSA-N,0.3047619047619048
C18_negative|IK:PFTAWBLQPZVEMU-UHFFFAOYSA-N,0.3047619047619048
HILICZ_positive|IK:OPTASPLRGRRNAP-UHFFFAOYSA-N,0.29523809523809524
HILICZ_positive|IK:HDTRYLNUVZCQOY-LIZSDCNHSA-N,0.29523809523809524
HILICZ_positive|IK:ODKSFYDXXFIFQN-BYPYZUCNSA-N,0.2857142857142857
C18_positive|IK:ACQRUPZAAPLQQP-UHFFFAOYSA-N,0.2857142857142857
C18_positive|IK:SMUMBCREXHTKFN-VZOUQOBNSA-N,0.2857142857142857
C18_negative|IK:HMUJXQRRKBLVOO-UHFFFAOYSA-N,0.2857142857142857
C18_positive|IK:NVQGQHXFWUBOAU-KTKRTIGZSA-N,0.2857142857142857
C18_positive|IK:RADKZDMFGJYCBB-UHFFFAOYSA-N,0.2857142857142857
HILICZ_positive|IK:MUPFEKGTMRGPLJ-ZQSKZDJDSA-N,0.2761904761904762
C18_negative|IK:FTVWIRXFELQLPI-UHFFFAOYSA-N,0.2761904761904762
C18_positive|IK:WKOLLVMJNQIZCI-UHFFFAOYSA-N,0.2761904761904762
HILICZ_positive|IK:LOIYMIARKYCTBW-OWOJBTEDSA-N,0.26666666666666666
C18_positive|IK:VZSGMNVXQXYFPI-UHFFFAOYSA-N,0.26666666666666666
C18_positive|IK:OVASVJPBDPJABT-UHFFFAOYSA-N,0.26666666666666666
C18_positive|IK:VDVJGIYXDVPQLP-UHFFFAOYSA-N,0.26666666666666666
C18_positive|IK:IBLKWZIFZMJLFL-UHFFFAOYSA-N,0.2571428571428571
HILICZ_positive|IK:HUMNYLRZRPPJDN-UHFFFAOYSA-N,0.2571428571428571
C18_positive|IK:XEAQIWGXBXCYFX-UHFFFAOYSA-N,0.2571428571428571
HILICZ_negative|IK:WCGUUGGRBIKTOS-GPOJBZKASA-N,0.24761904761904763
C18_positive|IK:APODVSVTRILENH-UHFFFAOYSA-N,0.24761904761904763
HILICZ_negative|IK:IAVREABSGIHHMO-UHFFFAOYSA-N,0.24761904761904763
C18_positive|IK:MMOXZBCLCQITDF-UHFFFAOYSA-N,0.23809523809523808
HILICZ_negative|IK:PFTAWBLQPZVEMU-UHFFFAOYSA-N,0.23809523809523808
C18_negative|IK:LWYJCVVIVLBLID-UHFFFAOYSA-N,0.21904761904761905
C18_negative|IK:HDTRYLNUVZCQOY-LIZSDCNHSA-N,0.21904761904761905
C18_negative|IK:IQFYYKKMVGJFEH-UHFFFAOYSA-N,0.20952380952380953
C18_positive|IK:MDMCODCJMHTFIZ-UHFFFAOYSA-N,0.20952380952380953
HILICZ_positive|IK:MWAYRGBWOVHDDZ-UHFFFAOYSA-N,0.20952380952380953
C18_negative|IK:GYXGAEAOIFNGAE-UHFFFAOYSA-N,0.2
HILICZ_negative|IK:ROJOJPXRGHLGTC-UHFFFAOYSA-N,0.2
C18_negative|IK:GKAJCVFOJGXVIA-UHFFFAOYSA-N,0.2
HILICZ_negative|IK:RHBSLIMVGWKFQW-UHFFFAOYSA-N,0.19047619047619047
C18_positive|IK:WQZGKKKJIJFFOK-QTVWNMPRSA-N,0.19047619047619047
C18_positive|IK:OKVJCVWFVRATSG-UHFFFAOYSA-N,0.19047619047619047
HILICZ_positive|IK:UYTPUPDQBNUYGX-UHFFFAOYSA-N,0.18095238095238095
C18_positive|IK:YWWVWXASSLXJHU-WAYWQWQTSA-N,0.18095238095238095
HILICZ_negative|IK:OFOBLEOULBTSOW-UHFFFAOYSA-N,0.18095238095238095
HILICZ_negative|IK:NGFMICBWJRZIBI-UHFFFAOYSA-N,0.18095238095238095
C18_negative|IK:KHQBUXVQVFVJTF-UHFFFAOYSA-N,0.17142857142857143
C18_positive|IK:LVFCLUMIBMHAFL-HMUNZLOLSA-N,0.1619047619047619
C18_positive|IK:SXOPCLUOUFQBJV-UHFFFAOYSA-N,0.1619047619047619
C18_negative|IK:OKUXNMMTKMWVBG-BFMVXSJESA-N,0.1619047619047619
C18_negative|IK:BDJRBEYXGGNYIS-UHFFFAOYSA-N,0.1619047619047619
HILICZ_positive|IK:CZDNLUMNELLDDD-QZFWYPLZSA-N,0.14285714285714285
C18_negative|IK:DRTQHJPVMGBUCF-UHFFFAOYSA-N,0.14285714285714285
HILICZ_negative|IK:CDAISMWEOUEBRE-UHFFFAOYSA-N,0.13333333333333333
HILICZ_positive|IK:UWHCKJMYHZGTIT-UHFFFAOYSA-N,0.13333333333333333
C18_negative|IK:BJRNKVDFDLYUGJ-UHFFFAOYSA-N,0.12380952380952381
C18_negative|IK:NLDDIKRKFXEWBK-UHFFFAOYSA-N,0.12380952380952381
C18_positive|IK:HDTRYLNUVZCQOY-LIZSDCNHSA-N,0.12380952380952381
HILICZ_positive|IK:ULSIYEODSMZIPX-UHFFFAOYSA-N,0.11428571428571428
HILICZ_negative|IK:MUPFEKGTMRGPLJ-ZQSKZDJDSA-N,0.11428571428571428
HILICZ_positive|IK:OIRDTQYFTABQOQ-KQYNXXCUSA-N,0.11428571428571428
HILICZ_negative|IK:FTVWIRXFELQLPI-ZDUSSCGKSA-N,0.11428571428571428
C18_positive|IK:OTBHHUPVCYLGQO-UHFFFAOYSA-N,0.11428571428571428
C18_negative|IK:WJAOHEPEBANKEO-UHFFFAOYSA-N,0.11428571428571428
HILICZ_negative|IK:OKVJCVWFVRATSG-UHFFFAOYSA-N,0.10476190476190476
C18_positive|IK:VYXBNIDRQOAAHX-RQADFKIXSA-N,0.09523809523809523
C18_positive|IK:NJMQSVWMCODQIP-FQXXIRCGSA-N,0.09523809523809523
C18_positive|IK:HHSKNLJWHGXWPK-BFMVXSJESA-N,0.09523809523809523
C18_positive|IK:ZEYHEAKUIGZSGI-UHFFFAOYSA-N,0.09523809523809523
HILICZ_negative|IK:IJFXRHURBJZNAO-UHFFFAOYSA-N,0.09523809523809523
HILICZ_positive|IK:RGHHSNMVTDWUBI-UHFFFAOYSA-N,0.08571428571428572
HILICZ_positive|IK:RCFGIEPQSDGMJJ-UHFFFAOYSA-N,0.08571428571428572
C18_positive|IK:CZDNLUMNELLDDD-QZFWYPLZSA-N,0.06666666666666667
C18_negative|IK:GEYBMYRBIABFTA-UHFFFAOYSA-N,0.05714285714285714
C18_positive|IK:OTKJDMGTUTTYMP-UHFFFAOYSA-N,0.05714285714285714
HILICZ_positive|IK:BZORFPDSXLZWJF-UHFFFAOYSA-N,0.05714285714285714
HILICZ_negative|IK:KDYFGRWQOYBRFD-UHFFFAOYSA-N,0.047619047619047616
C18_negative|IK:CZDNLUMNELLDDD-QZFWYPLZSA-N,0.0380952380952381
C18_negative|IK:FTVWIRXFELQLPI-ZDUSSCGKSA-N,0.02857142857142857
C18_negative|IK:WCGUUGGRBIKTOS-GPOJBZKASA-N,0.02857142857142857
C18_positive|IK:LGRFSURHDFAFJT-UHFFFAOYSA-N,0.02857142857142857
C18_positive|IK:YHGNXQAFNHCBTK-OWOJBTEDSA-N,0.01904761904761905
HILICZ_negative|IK:HDTRYLNUVZCQOY-LIZSDCNHSA-N,0.01904761904761905
C18_negative|IK:ROJOJPXRGHLGTC-UHFFFAOYSA-N,0.01904761904761905
C18_negative|IK:SMUMBCREXHTKFN-VZOUQOBNSA-N,0.01904761904761905
HILICZ_positive|IK:OTBHHUPVCYLGQO-UHFFFAOYSA-N,0.009523809523809525
C18_positive|IK:XPCTZQVDEJYUGT-UHFFFAOYSA-N,0.009523809523809525
C18_positive|IK:SDEUJZQQWGXEEM-UHFFFAOYSA-N,0.009523809523809525
C18_positive|IK:RGHHSNMVTDWUBI-UHFFFAOYSA-N,0.009523809523809525
HILICZ_negative|IK:WHUUTDBJXJRKMK-VKHMYHEASA-N,0.009523809523809525
HILICZ_positive|IK:CZMRCDWAGMRECN-UGDNZRGBSA-N,0.009523809523809525
HILICZ_positive|IK:RGHMISIYKIHAJW-UHFFFAOYSA-N,0.009523809523809525
C18_positive|IK:RCFGIEPQSDGMJJ-UHFFFAOYSA-N,0.009523809523809525
C18_positive|NAME:,0.0
C18_positive|IK:FATBGEAMYMYZAF-KTKRTIGZSA-N,0.0
C18_negative|NAME:,0.0
C18_positive|IK:NGFMICBWJRZIBI-UHFFFAOYSA-N,0.0
HILICZ_negative|NAME:,0.0
C18_negative|IK:RHBSLIMVGWKFQW-UHFFFAOYSA-N,0.0
C18_negative|IK:NGFMICBWJRZIBI-UHFFFAOYSA-N,0.0
C18_positive|IK:HSEMFIZWXHQJAE-UHFFFAOYSA-N,0.0
C18_positive|IK:SLXKOJJOQWFEFD-UHFFFAOYSA-N,0.0
C18_positive|IK:UWHCKJMYHZGTIT-UHFFFAOYSA-N,0.0
C18_positive|IK:UAUDZVJPLUQNMU-KTKRTIGZSA-N,0.0
C18_positive|IK:CZMRCDWAGMRECN-UGDNZRGBSA-N,0.0
HILICZ_positive|NAME:,0.0
