metabolite,mean_r2,std_r2,mean_rmse,zero_fraction,predictability_class,assay
C18_negative|IK:RGHHSNMVTDWUBI-UHFFFAOYSA-N,0.6270071367326707,0.122484136047117,3.803709842924015,0.419047619047619,strong,C18_negative
C18_positive|IK:LVGKNOAMLMIIKO-QXMHVHEDSA-N,0.5402344177738825,0.1490153355364927,3.296063234194918,0.7238095238095238,strong,C18_positive
C18_negative|IK:WLJVXDMOQOGPHL-UHFFFAOYSA-N,0.5259169762325082,0.1310450385843312,3.670410305352626,0.5523809523809524,strong,C18_negative
C18_negative|IK:GYUCMTKUEQLBJW-UHFFFAOYSA-N,0.4251560768231325,0.1702356169760661,3.5515067172141537,0.7619047619047619,strong,C18_negative
C18_positive|IK:MECHNRXZTMCUDQ-UHFFFAOYSA-N,0.4134549296256981,0.2099966348442521,4.492308257105132,0.5714285714285714,strong,C18_positive
C18_negative|IK:BJEPYKJPYRNKOW-REOHCLBHSA-N,0.4009690176676777,0.1756462848509124,4.194820979785412,0.8571428571428571,strong,C18_negative
C18_negative|IK:AIONOLUJZLIMTK-UHFFFAOYSA-N,0.3993812969241059,0.2165076134336471,4.224067885092016,0.4666666666666667,strong,C18_negative
C18_negative|IK:LTSJJOKAWSCMBC-UHFFFAOYSA-N,0.3795224843753771,0.0993317438464611,4.058709340884631,0.6857142857142857,strong,C18_negative
C18_positive|IK:MBIZFBDREVRUHY-UHFFFAOYSA-N,0.3751762218244152,0.1154039073488198,4.522875102882021,0.5047619047619047,strong,C18_positive
HILICZ_positive|IK:OYTCZOJKXCTBHG-UHFFFAOYSA-N,0.3673770313652149,0.1826900275144654,5.000647773722671,0.6285714285714286,strong,HILICZ_positive
C18_negative|IK:NGFMICBWJRZIBI-UHFFFAOYSA-N,0.3660031575100643,0.155238227808691,1.3556326188488887,0.0,strong,C18_negative
C18_positive|IK:GUMFPOIJOXLCLA-JKSUJKDBSA-N,0.3556712382062378,0.0779053780241314,3.4075305979897488,0.780952380952381,strong,C18_positive
C18_positive|IK:NGFMICBWJRZIBI-UHFFFAOYSA-N,0.3471710845771482,0.1522646062351169,1.069633023293289,0.0,strong,C18_positive
C18_positive|NAME:,0.3079350910827062,0.128063902885127,0.5458200402624873,0.0,strong,C18_positive
C18_negative|IK:GUNGQVJAKLIYDG-JXMROGBWSA-N,0.3053414538820127,0.222967058631559,4.02002313547624,0.6857142857142857,strong,C18_negative
C18_negative|IK:KDYFGRWQOYBRFD-UHFFFAOYSA-N,0.2969685838782465,0.2524896065033445,4.762045477309069,0.7333333333333333,strong,C18_negative
C18_negative|IK:GHOKWGTUZJEAQD-UHFFFAOYSA-N,0.2766531357020237,0.1185701538204949,4.814761453344697,0.6666666666666666,strong,C18_negative
C18_positive|IK:WCGUUGGRBIKTOS-UHFFFAOYSA-N,0.2736819199549345,0.1303990067133072,5.39905674776192,0.3238095238095238,strong,C18_positive
HILICZ_positive|IK:XPCTZQVDEJYUGT-UHFFFAOYSA-N,0.2735915865212994,0.3082496192052709,5.437598027767486,0.6190476190476191,strong,HILICZ_positive
C18_positive|IK:OVASVJPBDPJABT-UHFFFAOYSA-N,0.2727503224613515,0.1786393737284873,4.541830003868004,0.2666666666666666,strong,C18_positive
HILICZ_negative|IK:LWYJCVVIVLBLID-UHFFFAOYSA-N,0.2720919790712675,0.199319385053436,5.529142906970132,0.5523809523809524,strong,HILICZ_negative
C18_negative|NAME:,0.2650097342725083,0.169944719733242,0.7344714452320016,0.0,strong,C18_negative
C18_negative|IK:BJRNKVDFDLYUGJ-RMPHRYRLSA-N,0.2640203713838597,0.1110908949995884,5.13155098539792,0.4285714285714285,strong,C18_negative
C18_positive|IK:OYTCZOJKXCTBHG-UHFFFAOYSA-N,0.2620412696069847,0.4471538971121017,3.798989185430501,0.6857142857142857,strong,C18_positive
C18_positive|IK:PUQSUZTXKPLAPR-UJPOAAIJSA-N,0.2615830480900428,0.2128384579970234,5.347448841397111,0.5523809523809524,strong,C18_positive
C18_negative|IK:ZWNLSRDFHQCTQW-UHFFFAOYSA-N,0.2603697715957868,0.2550284927991596,4.381380065923216,0.3428571428571428,strong,C18_negative
C18_positive|IK:GHOKWGTUZJEAQD-UHFFFAOYSA-N,0.2593146794032556,0.1453921755127307,4.932485828177896,0.7047619047619048,strong,C18_positive
C18_negative|IK:OKVJCVWFVRATSG-UHFFFAOYSA-N,0.2556883026118656,0.1020845849004932,5.121584714861911,0.6666666666666666,strong,C18_negative
C18_negative|IK:IQFYYKKMVGJFEH-UHFFFAOYSA-N,0.247555292126913,0.0772322918380719,4.098164620883352,0.2095238095238095,strong,C18_negative
C18_positive|IK:PRYIJAGAEJZDBO-ZEQHCUNVSA-N,0.2451674493001931,0.1511510184392199,4.388686389435369,0.7619047619047619,strong,C18_positive
HILICZ_positive|IK:COLNVLDHVKWLRT-QMMMGPOBSA-N,0.2366296121463797,0.1869739109287106,5.6813788718906455,0.6857142857142857,strong,HILICZ_positive
C18_negative|IK:CKEXCBVNKRHAMX-UHFFFAOYSA-N,0.2349304611463151,0.1762136154694377,4.590958074348458,0.6190476190476191,strong,C18_negative
C18_negative|IK:LJCWONGJFPCTTL-ZETCQYMHSA-N,0.2344890837778659,0.0687374855000466,5.478952623556163,0.3333333333333333,strong,C18_negative
HILICZ_negative|IK:QZZGJDVWLFXDLK-UHFFFAOYSA-N,0.2329618601360464,0.2202970325916977,5.365829040430681,0.3809523809523809,strong,HILICZ_negative
C18_positive|IK:RGHHSNMVTDWUBI-UHFFFAOYSA-N,0.2318497659330936,0.1316528884536706,1.8376026240747425,0.0095238095238095,strong,C18_positive
HILICZ_positive|IK:SIOXPEMLGUPBBT-UHFFFAOYSA-N,0.2270229306338781,0.0924575328181334,5.104090535939422,0.7904761904761904,strong,HILICZ_positive
C18_negative|IK:PVWALMCXZUMCBB-UHFFFAOYSA-N,0.2246797760039375,0.2067363376996802,3.813844017489074,0.7714285714285715,strong,C18_negative
C18_positive|IK:RGHMISIYKIHAJW-UHFFFAOYSA-N,0.2243505115430345,0.166137043761818,5.80575229197491,0.6952380952380952,strong,C18_positive
C18_positive|IK:LWYJCVVIVLBLID-UHFFFAOYSA-N,0.2236252436080125,0.1339209077151154,5.215060865829413,0.5523809523809524,strong,C18_positive
HILICZ_negative|IK:SLWWJZMPHJJOPH-PHDIDXHHSA-N,0.2227711940741483,0.1757498706180363,6.472108808884839,0.6095238095238096,strong,HILICZ_negative
C18_positive|IK:IBMRTYCHDPMBFN-UHFFFAOYSA-N,0.2201135287214099,0.2274380310221471,4.884599896739007,0.7047619047619048,strong,C18_positive
HILICZ_negative|IK:AAWZDTNXLSGCEK-LNVDRNJUSA-N,0.2173161140882535,0.1093685416401622,6.483149189177851,0.6,strong,HILICZ_negative
HILICZ_negative|IK:JVQYSWDUAOAHFM-UHFFFAOYSA-N,0.2172548423729157,0.3309888684293559,6.001772120624912,0.4476190476190476,strong,HILICZ_negative
HILICZ_negative|IK:COLNVLDHVKWLRT-QMMMGPOBSA-N,0.2157834582559838,0.1579762869295995,5.507193575996668,0.7238095238095238,strong,HILICZ_negative
C18_negative|IK:UGAGPNKCDRTDHP-UHFFFAOYSA-N,0.2118162016261878,0.2376486412367919,5.037900615407628,0.6571428571428571,strong,C18_negative
C18_negative|IK:HMUJXQRRKBLVOO-UHFFFAOYSA-N,0.2016672258784416,0.1255562474234366,4.863827195789212,0.2857142857142857,strong,C18_negative
HILICZ_positive|IK:KWIUHFFTVRNATP-UHFFFAOYSA-N,0.2012817311099015,0.1487961993508986,7.419955884111381,0.7047619047619048,strong,HILICZ_positive
HILICZ_negative|IK:PAZGBAOHGQRCBP-DDDNOICHSA-N,0.1964347983959235,0.0887812344832221,5.519221673964457,0.5333333333333333,strong,HILICZ_negative
C18_negative|IK:AJFTWGKYXHISKT-UHFFFAOYSA-N,0.1943430272070624,0.2150154261479603,5.279444258596362,0.4666666666666667,strong,C18_negative
C18_positive|IK:IPQOBEBHJDIMQR-UHFFFAOYSA-N,0.1940907890678014,0.2133107908782335,3.314190121797604,0.8476190476190476,strong,C18_positive
C18_positive|IK:DKZBBWMURDFHNE-NSCUHMNNSA-N,0.1900422877815768,0.2073535379672933,5.432309311261781,0.6285714285714286,strong,C18_positive
C18_negative|IK:WEHFIEZHFRETHH-ZHACJKMWSA-N,0.1891749464962069,0.1043780618474481,4.804803107911289,0.638095238095238,strong,C18_negative
C18_positive|IK:KZSNJWFQEVHDMF-BYPYZUCNSA-N,0.1891047645345812,0.1536655397693532,5.66438852929695,0.7428571428571429,strong,C18_positive
HILICZ_negative|IK:ROJOJPXRGHLGTC-UHFFFAOYSA-N,0.1885001657635618,0.1528157143591071,4.992113106588846,0.2,strong,HILICZ_negative
C18_negative|IK:URFCJEUYXNAHFI-UHFFFAOYSA-N,0.187319521969228,0.1201273256670655,4.700076347250282,0.3523809523809524,strong,C18_negative
C18_positive|IK:XDEIKTUBWBCMDT-UHFFFAOYSA-N,0.1853604935250251,0.2352446725663359,2.7024177560294853,0.8857142857142857,strong,C18_positive
C18_negative|IK:VZCYOOQTPOCHFL-UPHRSURJSA-N,0.1843534008022957,0.1885148198684619,4.389091312977671,0.8380952380952381,strong,C18_negative
C18_positive|IK:ROJOJPXRGHLGTC-UHFFFAOYSA-N,0.1812430452884914,0.2009230185856223,5.253165634952399,0.3333333333333333,strong,C18_positive
C18_negative|IK:KRKNYBCHXYNGOX-UHFFFAOYSA-N,0.1799182215757178,0.052217741966146,4.396533614623712,0.8571428571428571,strong,C18_negative
C18_negative|IK:RSKTWDAINBIMPD-MCVCZSGFSA-N,0.1779147296777397,0.1053869027181457,5.2773749256157565,0.6761904761904762,strong,C18_negative
C18_negative|IK:BLUAFEHZUWYNDE-DCJAHCNHSA-N,0.1774502736931274,0.1346106673478149,3.723049399917999,0.819047619047619,strong,C18_negative
C18_negative|IK:QQHJDPROMQRDLA-UHFFFAOYSA-N,0.1761062699148028,0.1837392262439409,5.335493700824875,0.4761904761904761,strong,C18_negative
HILICZ_positive|IK:PUQSUZTXKPLAPR-UJPOAAIJSA-N,0.1723131631758603,0.1923955757418942,6.300945679736783,0.4761904761904761,strong,HILICZ_positive
C18_positive|IK:IPRIGHIBTRMTDP-UHFFFAOYSA-N,0.1713822457967212,0.1857554940952473,4.099842567548329,0.8285714285714286,strong,C18_positive
C18_positive|IK:FATBGEAMYMYZAF-KTKRTIGZSA-N,0.169120513538952,0.1278662288915702,0.6895667632697905,0.0,strong,C18_positive
HILICZ_negative|IK:CZMRCDWAGMRECN-UGDNZRGBSA-N,0.1595697206742517,0.1494359876263171,6.695441528342464,0.6666666666666666,strong,HILICZ_negative
C18_positive|IK:ARFRWVLNDNZOTL-UHFFFAOYSA-N,0.1586237350127756,0.1728771408660206,3.908633143040371,0.8,strong,C18_positive
C18_positive|IK:MMOXZBCLCQITDF-UHFFFAOYSA-N,0.1573335887072439,0.1155648781661456,4.806789034200617,0.238095238095238,strong,C18_positive
C18_negative|IK:YVYMBNSKXOXSKW-HXUWFJFHSA-N,0.1573092232593204,0.1660469194365864,3.7441610753586154,0.8476190476190476,strong,C18_negative
C18_positive|IK:UAUDZVJPLUQNMU-KTKRTIGZSA-N,0.1569401163925132,0.2201976477236316,0.4541040016639832,0.0,strong,C18_positive
HILICZ_negative|IK:IQFYYKKMVGJFEH-UHFFFAOYSA-N,0.1565539689522951,0.1480583295209098,5.535341172075666,0.3142857142857143,strong,HILICZ_negative
C18_positive|IK:ZBUMLAXYOMYUCL-UHFFFAOYSA-N,0.1550436004378625,0.2276871215807901,5.718031188489523,0.580952380952381,strong,C18_positive
C18_negative|IK:JXSVIVRDWWRQRT-UMCOSQRYSA-N,0.1545572311312582,0.2082039297603048,5.418019380860482,0.4666666666666667,strong,C18_negative
HILICZ_negative|IK:WJAOHEPEBANKEO-UHFFFAOYSA-N,0.1535964467074843,0.1716840143519058,5.5583523790032405,0.3047619047619048,strong,HILICZ_negative
C18_negative|IK:DYHOLQACRGJEHX-UHFFFAOYSA-N,0.1523199763308464,0.2395189408901939,4.632303480078626,0.5523809523809524,strong,C18_negative
HILICZ_negative|IK:BIABMEZBCHDPBV-BEBVUIBBSA-N,0.149881837555581,0.2330556848916386,5.465262933511601,0.6857142857142857,strong,HILICZ_negative
C18_positive|IK:XGILAAMKEQUXLS-UHFFFAOYSA-N,0.148225023255167,0.1800746289346684,5.504434982233271,0.6761904761904762,strong,C18_positive
HILICZ_positive|IK:HUMNYLRZRPPJDN-UHFFFAOYSA-N,0.1470344166839282,0.0713586445263794,6.838065491920197,0.2571428571428571,strong,HILICZ_positive
C18_positive|IK:WGNDRSIKIXVFLD-HXYHFMIISA-N,0.1460789148123333,0.2592468024428751,4.717317867633803,0.3142857142857143,strong,C18_positive
C18_negative|IK:AAWZDTNXLSGCEK-LNVDRNJUSA-N,0.1456984571603645,0.0977405571970717,3.8209963286371575,0.8857142857142857,strong,C18_negative
C18_positive|IK:WEMJCDDYUBVWRB-UHFFFAOYSA-N,0.142781539585709,0.2472977447459186,5.803895772059323,0.6190476190476191,strong,C18_positive
HILICZ_negative|IK:KKSDGJDHHZEWEP-SNAWJCMRSA-N,0.1390585594390297,0.1584377717232988,4.285131037706917,0.8571428571428571,strong,HILICZ_negative
C18_positive|IK:AXYJXSKPTBZVAC-UHFFFAOYSA-N,0.1375621632943389,0.1120159650159756,4.134481603885738,0.8095238095238095,strong,C18_positive
C18_positive|IK:MRIXVKKOHPQOFK-UHFFFAOYSA-N,0.1367661295030725,0.1670180287764164,5.153269718251423,0.6952380952380952,strong,C18_positive
C18_negative|IK:JVQYSWDUAOAHFM-UHFFFAOYSA-N,0.1363689513232708,0.2154739110354489,4.773331806130804,0.7714285714285715,strong,C18_negative
HILICZ_negative|IK:KCOOTJRKKIDHTM-UHFFFAOYSA-N,0.1327146115263859,0.2995425468011472,6.551319355607217,0.5047619047619047,strong,HILICZ_negative
C18_positive|IK:IERGURVELWCYAW-UHFFFAOYSA-N,0.1304302818060777,0.1515885074202957,5.820478276589171,0.419047619047619,strong,C18_positive
C18_negative|IK:DJOJDHGQRNZXQQ-UHFFFAOYSA-N,0.1300261798835946,0.3399835723496301,3.949780676767248,0.7619047619047619,strong,C18_negative
C18_positive|IK:SAOKZLXYCUGLFA-UHFFFAOYSA-N,0.1295819281858594,0.0950930010955797,4.937098892858709,0.6285714285714286,strong,C18_positive
HILICZ_negative|IK:HEBKCHPVOIAQTA-IMJSIDKUSA-N,0.1271104383364357,0.1899885960719542,5.940404718098871,0.819047619047619,strong,HILICZ_negative
HILICZ_negative|IK:ZHDJHNSKUYZDCF-UHFFFAOYSA-N,0.1256697855335322,0.198531191564372,4.190358792293504,0.8,strong,HILICZ_negative
C18_positive|IK:RADKZDMFGJYCBB-UHFFFAOYSA-N,0.1237220310545617,0.0863640158010368,4.474102041121313,0.2857142857142857,strong,C18_positive
C18_negative|IK:ODHCTXKNWHHXJC-UHFFFAOYSA-N,0.1236134129608473,0.1373777867654958,5.877387220613484,0.5904761904761905,strong,C18_negative
C18_negative|IK:CWVRJTMFETXNAD-UHFFFAOYSA-N,0.1222305818476517,0.2264098653985368,5.069687752107824,0.7142857142857143,strong,C18_negative
C18_positive|IK:VDVJGIYXDVPQLP-UHFFFAOYSA-N,0.1219213451130618,0.1775209801400697,4.962344290934595,0.2666666666666666,strong,C18_positive
C18_positive|IK:LVFCLUMIBMHAFL-HMUNZLOLSA-N,0.1184081671592448,0.0788210546866741,4.8903093625814495,0.1619047619047619,strong,C18_positive
HILICZ_positive|IK:WKGYQHYYELHOBX-UHFFFAOYSA-N,0.1145202750755973,0.2094678917894084,5.474896235220149,0.7619047619047619,strong,HILICZ_positive
HILICZ_negative|IK:KMQUGCQVIDIVLT-CKNMYDPISA-N,0.1116745384693835,0.1173601813280464,6.001500803853803,0.7428571428571429,strong,HILICZ_negative
C18_positive|IK:GFFGJBXGBJISGV-UHFFFAOYSA-N,0.1097896068386819,0.1090632102312803,6.232349223388424,0.580952380952381,strong,C18_positive
HILICZ_negative|IK:ODHCTXKNWHHXJC-UHFFFAOYSA-N,0.1085371126082469,0.2079582178546221,6.325788800133036,0.580952380952381,strong,HILICZ_negative
C18_positive|IK:ULSIYEODSMZIPX-UHFFFAOYSA-N,0.1071402578358283,0.3170601894067251,5.029294902849752,0.7523809523809524,strong,C18_positive
HILICZ_negative|IK:LXVSANCQXSSLPA-UHFFFAOYSA-N,0.1056332030445807,0.0961643239118577,4.381270034782543,0.8666666666666667,strong,HILICZ_negative
HILICZ_negative|IK:VRYALKFFQXWPIH-UHFFFAOYSA-N,0.1055781392366231,0.1853466007041707,6.52810645777402,0.638095238095238,strong,HILICZ_negative
C18_negative|IK:FEGXTMHRTZJSIG-MVXUSQBOSA-N,0.1055595322825821,0.1262724495362917,4.763083777431648,0.7523809523809524,strong,C18_negative
HILICZ_negative|IK:PVNIIMVLHYAWGP-UHFFFAOYSA-N,0.105538097322528,0.1000673234307671,4.303240526564667,0.8857142857142857,strong,HILICZ_negative
C18_positive|IK:OILXMJHPFNGGTO-ZAUYPBDWSA-N,0.1051378576226265,0.1858628279689245,4.3975284430578405,0.7904761904761904,strong,C18_positive
C18_positive|IK:CRULJZWXPCYLAC-UHFFFAOYSA-N,0.1044120387855009,0.2485079115414702,4.954327554532982,0.4095238095238095,strong,C18_positive
HILICZ_positive|IK:DANYIYRPLHHOCZ-UHFFFAOYSA-N,0.1042223508885871,0.0807348706439781,4.825959755821796,0.819047619047619,strong,HILICZ_positive
C18_positive|IK:NZKLGQRMNDHSPV-UHFFFAOYSA-N,0.1027205225161729,0.1655653331653161,5.206149419923103,0.5619047619047619,strong,C18_positive
HILICZ_positive|IK:OZFDJYNLTZUREV-UHFFFAOYSA-N,0.100745369415066,0.2002359936727483,6.260894273737192,0.3904761904761905,strong,HILICZ_positive
